0,302453.792866035,4123700.03487159,0,
1,302454.366331134,4123700.90193351,0,
2,302454.923622163,4123701.80113969,0,
3,302455.486968472,4123702.71784984,0,
4,302456.015476479,4123703.59302842,0,
5,302456.540294752,4123704.55123213,0,
6,302457.018329982,4123705.43995105,0,
7,302457.525811967,4123706.38091635,0,
8,302458.004096024,4123707.28021732,0,
9,302458.539945528,4123708.22757367,0,
10,302459.09296497,4123709.18511386,0,
11,302459.621887281,4123710.07792932,0,
12,302460.174325442,4123711.01077823,0,
13,302460.692796927,4123711.93913256,0,
14,302461.170831352,4123712.82785169,0,
15,302461.702035937,4123713.81766897,0,
16,302462.192014889,4123714.73434137,0,
17,302462.705343659,4123715.68399256,0,
18,302463.200796734,4123716.59347761,0,
19,302463.714083788,4123717.54136518,0,
20,302464.197923961,4123718.4370064,0,
21,302464.711252307,4123719.38665769,0,
22,302465.230552901,4123720.35028562,0,
23,302465.744171545,4123721.31228265,0,
24,302466.222952022,4123722.23274805,0,
25,302466.729892552,4123723.15078616,0,
26,302467.248570176,4123724.08795919,0,
27,302467.761067828,4123725.0023373,0,
28,302468.261413165,4123725.87994387,0,
29,302468.761675395,4123726.75402314,0,
30,302469.320249927,4123727.70790387,0,
31,302469.837972466,4123728.60451269,0,
32,302470.367598088,4123729.5273111,0,
33,302470.891583272,4123730.45024226,0,
34,302471.392550519,4123731.35430402,0,
35,302471.900112535,4123732.29879742,0,
36,302472.390587462,4123733.23663437,0,
37,302472.875961477,4123734.19753173,0,
38,302473.338774095,4123735.15896002,0,
39,302473.800590586,4123736.07806031,0,
40,302474.267798296,4123736.9864459,0,
41,302474.753088908,4123737.94381603,0,첫 번째 주차 점으로부터 6m전 속도 줄여주기 
42,302475.254968378,4123738.88667867,0,
43,302475.773187692,4123739.80445183,0,
44,302476.285434566,4123740.7082484,0,
45,302476.803570665,4123741.62249428,0,
46,302477.316066342,4123742.5368729,0,
47,302477.828271408,4123743.43890589,0,주차정지
48,302478.508399388,4123744.28228357,0,
49,302479.12694025,4123745.14652158,0,
50,302479.671990872,4123746.00543032,0,
51,302480.189088811,4123746.8755847,0,
52,302480.650405994,4123747.77352132,0,
53,302481.151993791,4123748.7040386,0,
54,302481.636287038,4123749.61908107,0,
55,302482.114732381,4123750.52543794,0,
56,302482.615323875,4123751.41362728,0,
57,302483.144988327,4123752.33819008,0,
58,302477.654391288,4123741.80540773,1,
59,302478.172776073,4123742.73023572,1,LD를 고려한 직진 0번 
60,302478.691160858,4123743.65506371,1,여기서부터 주차 하는 거 넣으면 될 듯 함.
61,302479.247865751,4123744.52957999,1,
62,302479.980786155,4123745.21819151,1,
63,302480.900206712,4123745.67830485,1,
64,302481.919364712,4123745.82020014,1,
65,302482.968546609,4123745.79904184,1,
66,302483.97940827,4123745.82819538,1,
67,302484.991141399,4123745.89438605,1,
68,302485.996196713,4123745.91661789,1,
69,302486.996317177,4123745.9689649,1,
70,302485.424740286,4123745.85418453,2,
71,302484.378791769,4123745.77291709,2,
72,302483.332926218,4123745.69517712,2,
73,302482.304230591,4123745.62762113,2,
74,302481.295730712,4123745.45900534,2,
75,302480.309663856,4123745.04457628,2,
76,302479.4563915,4123744.51761466,2,
77,302478.701117219,4123743.83835241,2,
78,302478.10650702,4123743.03178457,2,
79,302477.59509048,4123742.16326125,2,
80,302478.085270007,4123742.84876131,3,
81,302478.687844563,4123743.75396181,3,
82,302479.22348219,4123744.692501,3,
83,302479.723908299,4123745.57363553,3,
84,302480.277006156,4123746.5347043,3,
85,302480.782906372,4123747.40865149,3,
86,302481.324889374,4123748.37704043,3,
87,302481.838380189,4123749.33374733,3,
88,302482.333704957,4123750.23794238,3,
89,302482.857521691,4123751.15381955,3,
90,302483.391664455,4123752.02886695,3,
91,302483.897937548,4123752.91868731,3,
92,302484.411012835,4123753.85775768,3,
93,302484.929520829,4123754.78787701,3,
94,302485.440728434,4123755.64758239,3,
95,302485.974870679,4123756.52262994,3,
96,302486.543892135,4123757.44097292,3,
97,302487.056510397,4123758.36064308,3,
98,302487.575017855,4123759.29076257,3,
99,302488.082576579,4123760.23525685,3,
100,302488.555131399,4123761.13116475,3,
101,302489.033409425,4123762.03046731,3,
102,302489.558054749,4123762.98161819,4,
103,302490.081164528,4123763.86751341,4,
104,302490.307092375,4123765.55449077,4,
105,302490.796318235,4123766.43941874,4,
106,302491.285544095,4123767.32434671,4,
107,302491.774769955,4123768.20927468,4,
108,302492.263995815,4123769.09420265,4,4번 시작 비신호 좌회 정지선으로부터 10m전
109,302492.753221675,4123769.97913062,4,
110,302493.243567879,4123770.91167764,4,
111,302493.785050146,4123771.8589033,4,
112,302494.269091875,4123772.7633644,4,
113,302494.811860343,4123773.76526381,4,
114,302495.301708158,4123774.67664693,4,
115,302495.838670109,4123775.67162443,4,
116,302496.334116511,4123776.58111122,4,
117,302496.823383059,4123777.46780308,4,
118,302497.336746074,4123778.41921982,4,
119,302497.814897817,4123779.31323181,4,
120,302498.311796211,4123780.28444707,4,
121,302498.791856609,4123781.25958782,4,
122,302499.255037526,4123782.23689039,4,
123,302499.677823384,4123783.17632124,4,
124,302500.084850188,4123784.16553293,4,
125,302500.424027434,4123785.14928246,4,
126,302500.661471935,4123786.12660239,4,
127,302500.872291804,4123787.17160523,4,
128,302500.993862942,4123788.26105942,4,
129,302500.980067179,4123789.35369857,4,
130,302500.864538796,4123790.43990812,4,
131,302500.614058572,4123791.54693933,4,
132,302500.227381662,4123792.62188219,4,
133,302499.732377558,4123793.64996384,4,
134,302499.210870251,4123794.51102793,4,
135,302498.521192,4123795.42016502,4,
136,302497.7557419,4123796.22697102,4,
137,302496.924846067,4123796.89061616,4,
138,302496.029251426,4123797.44284648,4,
139,302495.167291101,4123797.9854623,4,
140,302494.29342785,4123798.50188862,4,
141,302493.368926678,4123799.02480046,4,
142,302492.421947491,4123799.55177058,4,
143,302491.502464344,4123800.04809491,4,
144,302490.582732307,4123800.53383733,5,정적장애물 시작
145,302489.651761315,4123801.02160895,5,
146,302488.749531307,4123801.53164479,5,
147,302487.830256074,4123802.03678787,5,
148,302486.883526543,4123802.57434065,5,
149,302485.94799469,4123803.10810079,5,
150,302485.01797873,4123803.6364373,5,
151,302484.104261212,4123804.13792076,5,
152,302483.213644416,4123804.66180112,5,
153,302482.294494337,4123805.17223584,5,
154,302481.346852474,4123805.67098859,5,
155,302480.387847172,4123806.16647957,5,
156,302479.44547229,4123806.64922682,5,
157,302478.503388028,4123807.14431985,5,
158,302477.584030979,4123807.64593677,5,
159,302476.687110628,4123808.1417319,5,
160,302475.757137268,4123808.67183316,5,
161,302474.888584511,4123809.17401954,5,
162,302473.997636764,4123809.68379159,5,
163,302473.129831255,4123810.21772417,5,
164,302472.308559127,4123810.81055973,5,
165,302471.487162605,4123811.39810438,5,
166,302470.649675442,4123812.02132065,5,
167,302469.88107526,4123812.69409063,5,
168,302469.10861957,4123813.44283113,5,
169,302468.445113833,4123814.26488754,5,
170,302467.777088546,4123815.13469578,5,
171,302467.20532153,4123816.01812066,5,
172,302466.809689609,4123816.95210463,5,
173,302466.472369658,4123817.96589002,5,
174,302466.231681425,4123819.00916502,5,
175,302466.019277605,4123820.0553037,5,
176,302465.908606171,4123821.10787156,5,
177,302465.893404248,4123822.14054632,5,
178,302465.930126844,4123823.22140918,5,
179,302466.062609423,4123824.2947246,5,
180,302466.249668441,4123825.28911133,5,
181,302466.510050836,4123826.28177255,5,
182,302466.821569085,4123827.28911221,5,
183,302467.206327655,4123828.29119904,5,
184,302467.583910239,4123829.22816291,5,
185,302468.113987295,4123830.17036141,5,
186,302468.620548618,4123831.0725265,5,
187,302469.138473364,4123831.9779535,5,
188,302469.627823174,4123832.86817116,5,
189,302470.100127613,4123833.75349603,5,
190,302470.601670821,4123834.68224897,5,
191,302471.068417811,4123835.57123396,5,
192,302471.570251345,4123836.51233263,5,
193,302472.072624314,4123837.47635901,5,
194,302472.568858887,4123838.41935412,5,
195,302473.086284768,4123839.30361733,5,
196,302473.638880165,4123840.24352156,5,
197,302474.150084544,4123841.1032262,5,
198,302474.706659866,4123841.97245106,5,
199,302475.281193389,4123842.88536947,5,
200,302475.803926978,4123843.75539075,5,
201,302476.316334517,4123844.66624187,5,
202,302476.806056443,4123845.57233291,5,
203,302477.295280249,4123846.45725997,5,
204,302477.796448488,4123847.37014029,5,
205,302478.229892148,4123848.28284966,5,
206,302478.69298952,4123849.25662379,5,
207,302479.160025465,4123850.15795485,5,
208,302479.6290534,4123851.14394199,5,
209,302480.101355891,4123852.02926736,5,
210,302480.724284833,4123852.84046254,5,
211,302481.430655286,4123853.60028422,5,
212,302482.230668689,4123854.26261164,5,
213,302483.156506472,4123854.75610177,5,
214,302484.151600224,4123855.0750272,5,
215,302485.220967725,4123855.19280022,5,
216,302486.235173968,4123855.12481905,5,
217,302487.230550483,4123854.97610745,5,
218,302488.263956227,4123854.76473857,5,
219,302489.24365335,4123854.42934387,5,
220,302490.226293319,4123853.97917816,5,
221,302491.157341207,4123853.49493366,5,
222,302492.043723733,4123853.03115133,5,
223,302492.979623584,4123852.51326464,5,
224,302493.859868075,4123852.02845122,5,
225,302494.829402124,4123851.50095012,5,
226,302495.726609053,4123851.01750243,5,
227,302496.617387375,4123850.50067787,5,
228,302497.497341791,4123850.00351917,5,
229,302498.388701287,4123849.51138615,5,
230,302499.296566653,4123849.00121842,5,
231,302500.176894847,4123848.51993302,5,
232,302501.068794116,4123848.05072798,5,
233,302501.982922487,4123847.56688286,5,
234,302502.885189517,4123847.05861192,5,
235,302503.77036992,4123846.54368452,5,
236,302504.666415958,4123846.01085514,5,
237,302505.579424358,4123845.4793914,5,
238,302506.508938651,4123844.92989298,5,
239,302507.433227772,4123844.39816405,5,
240,302508.330311644,4123843.90942677,5,
241,302509.260614694,4123843.39343835,6,안전초 방향 직진 정지선
242,302510.140902512,4123842.91039038,6,
243,302511.037281282,4123842.39167105,6,
244,302511.928061403,4123841.87484819,6,
245,302512.846171499,4123841.32032491,6,
246,302513.781409941,4123840.77422197,6,
247,302514.705409489,4123840.2301482,6,
248,302515.606848142,4123839.68660534,6,
249,302516.514176127,4123839.15351189,6,
250,302517.394008348,4123838.65106437,6,
251,302518.144322306,4123838.16048733,6,
252,302519.052604951,4123837.66795852,6,
253,302520.004972404,4123837.13027655,6,
254,302520.908569344,4123836.678445,6,
255,302521.844265214,4123836.15174335,6,
256,302522.730402183,4123835.67738241,6,
257,302523.633542997,4123835.20615082,6,
258,302524.536103017,4123834.71022799,6,
259,302525.432732445,4123834.20209228,6,
260,302526.34590932,4123833.67768559,6,
261,302527.242829401,4123833.18189576,6,
262,302528.16255956,4123832.69615727,6,
263,302529.082953676,4123832.23863756,6,
264,302529.980952818,4123831.78870339,6,
265,302530.889817665,4123831.32086727,6,
266,302531.80958971,4123830.83689286,6,
267,302532.767889393,4123830.3114254,6,
268,302533.659169921,4123829.81576897,6,
269,302534.550450557,4123829.32011264,6,
270,302535.418050036,4123828.77736813,6,
271,302536.304188488,4123828.30300869,6,어린이 보호구역 시작 state 변화 x
272,302537.401171824,4123827.67545929,6,
273,302538.348896987,4123827.18024021,6,
274,302539.246150326,4123826.69856106,6,
275,302540.233274547,4123826.19888609,6,
276,302541.113690288,4123825.72113253,6,
277,302542.044785502,4123825.2386576,6,
278,302542.97061395,4123824.77218847,6,
279,302543.850739572,4123824.28208954,6,
280,302544.747329708,4123823.77219232,6,
281,302545.633718104,4123823.30841592,6,
282,302546.581112305,4123822.79908847,6,
283,302547.461570226,4123822.32309927,6,
284,302548.364672268,4123821.8501068,6,
285,302549.290293974,4123821.37482006,6,
286,302550.192483511,4123820.86302712,6,
287,302551.099234776,4123820.30524624,6,
288,302551.97363807,4123819.81175354,6,
289,302552.848041459,4123819.31826093,6,
290,302553.76673736,4123818.78843369,6,
291,302554.646366369,4123818.27717194,6,
292,302555.514963856,4123817.77675762,6,
293,302555.849687648,4123817.61183095,6,
294,302556.74051446,4123817.09677675,7,안전초 좌회전 정지선
295,302557.607826158,4123816.54168897,7,
296,302558.49268104,4123816.0126583,7,
297,302559.433648316,4123815.46995536,7,
298,302560.331069968,4123814.99533324,7,
299,302561.221399503,4123814.45911552,7,
300,302562.124088271,4123813.96848793,7,
301,302563.027109008,4123813.49196978,7,
302,302563.963847008,4123813.00936473,7,
303,302564.940440351,4123812.54170415,7,
304,302565.951663591,4123812.10675737,7,
305,302566.938999793,4123811.85589545,7,
306,302567.95433135,4123811.83554341,7,
307,302568.994629957,4123811.91695356,7,
308,302570.04326515,4123812.11286955,7,
309,302571.022517571,4123812.47805866,7,
310,302571.943667709,4123813.01225553,7,
311,302572.814636048,4123813.57233778,7,
312,302573.62053438,4123814.24512307,7,
313,302574.332539137,4123815.00481966,7,
314,302574.932982862,4123815.82007949,7,
315,302575.455790138,4123816.69363393,7,
316,302575.911660779,4123817.60052629,7,
317,302576.357329302,4123818.55353935,7,
318,302576.791053512,4123819.47859906,7,
319,302577.303202077,4123820.37887392,7,
320,302577.866112907,4123821.2779549,7,
321,302578.389541786,4123822.1779645,7,
322,302578.901399672,4123823.06589378,7,
323,302579.402599135,4123823.98054341,7,
324,302579.881278939,4123824.89748735,7,
325,302580.388118464,4123825.81200437,7,
326,302580.905035478,4123826.67510976,7,
327,302581.19899471,4123827.17641323,8,좌회전 후 동적 트리거 ON
328,302581.722713267,4123828.0887687,8,
329,302582.23548304,4123829.01549884,8,
330,302582.720549173,4123829.96405628,8,
331,302583.18176831,4123830.85847067,8,
332,302583.695077009,4123831.80812857,8,
333,302584.207348613,4123832.71369481,8,
334,302584.712984354,4123833.57706571,8,
335,302585.283275983,4123834.55008851,8,
336,302585.794759166,4123835.42214516,8,
337,302586.301058263,4123836.31373483,8,
338,302586.790726852,4123837.21806814,8,
339,302587.274340306,4123838.10489746,8,
340,302587.77043705,4123839.04260786,8,
341,302588.255004319,4123839.97000158,8,
342,302588.711079889,4123840.8857129,8,
343,302589.173708142,4123841.84009228,8,
344,302589.608052099,4123842.79160759,8,
345,302590.015439077,4123843.79669618,8,
346,302590.315163536,4123844.78314111,8,
347,302590.565287101,4123845.82016257,8,
348,302590.764275102,4123846.84250486,8,
349,302590.89027171,4123847.88068093,8,
350,302590.948875707,4123848.93279445,8,
351,302590.983798814,4123849.93781954,8,
352,302590.979115791,4123850.93848218,8,
353,302590.856817252,4123851.97720378,8,
354,302590.666338114,4123852.99635317,8,
355,302590.432354773,4123854.08534677,8,
356,302590.146572371,4123855.13144255,8,
357,302589.762707616,4123856.08631901,8,
358,302589.288557652,4123857.04155422,8,
359,302588.790726922,4123857.94970104,8,
360,302588.235208081,4123858.80450071,8,
361,302587.633945274,4123859.63390662,8,
362,302586.941277382,4123860.41605231,8,
363,302586.180014236,4123861.16098921,8,
364,302585.371928675,4123861.83467704,8,
365,302585.016262985,4123862.06891624,8,어린이 보호구역 끝
366,302584.115942811,4123862.6600706,8,
367,302583.220557829,4123863.22111007,8,
368,302582.352668969,4123863.75150402,8,
369,302581.474661208,4123864.33154606,8,
370,302580.606523685,4123864.8513582,8,
371,302579.670993832,4123865.38510798,8,
372,302578.752301831,4123865.91493256,8,
373,302577.849742496,4123866.4108496,8,
374,302576.964601743,4123866.92753277,8,
375,302576.040186877,4123867.45396298,8,
376,302575.109551142,4123867.95583462,8,
377,302574.217526014,4123868.41974073,8,
378,302573.343002428,4123868.9079403,8,
379,302572.416970169,4123869.36558791,8,
380,302571.491477286,4123869.8461633,8,
381,302570.549354196,4123870.33948245,8,
382,302569.613161821,4123870.84501473,8,
383,302568.665232776,4123871.3314121,8,
384,302567.712036964,4123871.83381525,8,
385,302566.782688169,4123872.39036155,8,
386,302565.840399683,4123872.87662658,8,
387,302564.915820183,4123873.39600341,8,
388,302563.985061267,4123873.89258534,8,
389,302563.026018353,4123874.38630338,8,
390,302562.073072107,4123874.89928921,8,
391,302561.120250421,4123875.41756616,8,
392,302560.210974235,4123875.86776249,8,
393,302559.269474708,4123876.38753798,8,
394,302558.345269344,4123876.92278858,8,
395,302557.495922003,4123877.52157025,8,
396,302556.821465113,4123878.3579943,8,
397,302556.442955159,4123879.30039417,8,
398,302556.172854142,4123880.2931833,8,
399,302556.075088285,4123883.57419048,8,
400,302556.661554393,4123884.51506737,8,
401,302557.220026701,4123885.465426,8,
402,302557.773397989,4123886.43884501,8,
403,302558.338132561,4123887.41552605,8,
404,302558.901124621,4123888.31813308,8,
405,302559.452670184,4123889.21395082,8,
406,302559.992810746,4123890.10474293,8,
407,302560.504169322,4123890.97150707,8,
408,302561.011215102,4123891.89484127,8,
409,302561.535222914,4123892.81954116,8,
410,302562.082164843,4123893.75958342,8,
411,302562.606545803,4123894.70015637,8,
412,302563.135571229,4123895.59826867,8,
413,302563.670485663,4123896.50683033,8,
414,302564.161190956,4123897.45525406,8,
415,302564.679972751,4123898.39772347,8,
416,302565.227370333,4123899.35716625,8,
417,302565.753161095,4123900.35770408,8,
418,302566.237852387,4123901.29038757,8,
419,302566.728847537,4123902.2511571,8,
420,302567.231454872,4123903.22577066,8,
421,302567.739660823,4123904.19848792,8,
422,302568.27668995,4123905.19699689,8,
423,302568.802189654,4123906.18518922,8,
424,302569.288249276,4123907.1760739,8,
425,302569.762945416,4123908.16369659,8,
426,302570.25564064,4123909.19677667,8,
427,302570.688905427,4123910.10243569,8,
428,302571.173886069,4123911.0474651,8,
429,302571.65957183,4123912.02247689,8,
430,302572.190710963,4123913.01053674,8,
431,302572.693317104,4123913.9851506,8,
432,302573.19007553,4123914.9510788,8,
433,302573.686543467,4123915.90466136,8,
434,302574.165551425,4123916.83571425,8,
435,302574.644683731,4123917.77205817,8,
436,302575.101172181,4123918.70540542,8,
437,302575.540283641,4123919.61975033,8,
438,302576.021572747,4123920.64780504,8,
439,302576.473623704,4123921.63243137,8,
440,302576.929738435,4123922.5499057,8,
441,302577.386019,4123923.47443473,8,
442,302577.842423921,4123924.40425477,8,
443,302578.326656378,4123925.31753854,8,
444,302578.799732794,4123926.23637865,8,
445,302579.390671079,4123926.88775016,9,여기서부터 9번 경로 변경
446,302579.842555432,4123927.86532199,9,
447,302580.253465016,4123928.78033041,9,
448,302580.676567487,4123929.73387422,9,
449,302581.117378591,4123930.72052976,9,
450,302581.569967754,4123931.72808402,9,
451,302581.998170889,4123932.65856755,9,
452,302582.421480411,4123933.62092977,9,
453,302582.838154106,4123934.54109665,9,
454,302583.260426426,4123935.45936722,9,
455,302583.677182921,4123936.38306147,9,
456,302584.105468586,4123937.31707243,9,
457,302584.5627847,4123938.28569349,9,
458,302584.9921072,4123939.26379618,9,
459,302585.410688494,4123940.26509188,9,
460,302585.795055283,4123941.25131052,9,
461,302586.167934218,4123942.22897614,9,
462,302586.512902532,4123943.21965072,9,
463,302586.875413524,4123944.23638236,9,
464,302587.271184793,4123945.22762675,9,
465,302587.690346301,4123946.25361389,9,
466,302588.156288348,4123947.34908654,9,
467,302588.609456645,4123948.38133247,9,
468,302589.015636823,4123949.33527461,9,
469,302589.422356158,4123950.31214444,9,
470,302589.77760867,4123951.26022581,9,
471,302590.121912592,4123952.22268184,9,
472,302590.450706242,4123953.24550053,9,
473,302590.756316933,4123954.24239482,9,
474,302591.044301883,4123955.20970473,9,
475,302591.310472723,4123956.20929126,9,
476,302591.571376649,4123957.22488347,9,
477,302591.848578846,4123958.21362271,9,
478,302592.137932397,4123959.23913368,9,
479,302592.421479804,4123960.25772264,9,
480,302592.711455427,4123961.30968865,9,
481,302593.007112636,4123962.36328568,9,
482,302593.331178013,4123963.4250378,9,
483,302593.649769075,4123964.49397726,9,
484,302593.898645592,4123965.47808881,9,
485,302594.187749841,4123966.49301783,9,
486,302594.431069045,4123967.48078938,9,
487,302594.66451817,4123968.52879093,9,
488,302594.908791298,4123969.55712685,9,
489,302595.131706627,4123970.63713973,9,
490,302595.290879484,4123971.64630137,9,
491,302595.461622992,4123972.6675434,9,
492,302595.611050195,4123973.74222605,9,
493,302595.778102997,4123974.84649311,9,
494,302595.880583803,4123975.84463558,10,
495,302596.017901036,4123976.88431019,10,
496,302596.115529751,4123977.916095,10,
497,302596.185123589,4123978.95559772,10,
498,302596.237548071,4123979.98491638,10,
499,302596.291051007,4123981.06009041,10,
500,302596.293419241,4123982.12058526,10,
501,302596.335144123,4123983.17486057,10,
502,302596.354557271,4123984.24024849,10,
503,302596.362565683,4123985.30061069,10,
504,302596.386872374,4123986.33411994,10,
505,302596.416902181,4123987.37102388,10,
506,302596.396295077,4123988.41441266,10,
507,302596.613239927,4123989.96043179,11,도심부 직진 정지선
508,302596.637671062,4123990.99923205,11,
509,302596.645015838,4123992.03137558,11,
510,302596.646803439,4123993.0671791,11,
511,302596.661198674,4123994.1591547,11,
512,302596.674805815,4123995.2176206,11,
513,302596.687915216,4123996.2549225,11,
514,302596.706249977,4123997.27445507,11,
515,302596.736113908,4123998.30430435,11,
516,302596.756522636,4123999.41202031,11,
517,302596.786718409,4124000.45597893,11,
518,302596.816914186,4124001.49993756,11,
519,302596.848644692,4124002.6091519,11,
520,302596.883526596,4124003.61241352,11,
521,302596.931223509,4124004.68066555,11,
522,302596.968179373,4124005.77211056,11,
523,302597.011397571,4124006.88987795,11,
524,302597.043376971,4124008.00967429,11,
525,302597.070255468,4124009.15253097,11,
526,302597.113929938,4124010.2896987,11,
527,302597.18265267,4124011.29216445,11,
528,302597.259836116,4124012.41442695,11,
529,302597.3599534,4124013.55203186,11,
530,302597.487773583,4124014.66780953,11,
531,302597.610285446,4124015.79782918,11,
532,302597.732548422,4124016.91726683,11,
533,302597.8543551,4124018.01730414,11,
534,302597.987690895,4124019.12765816,11,
535,302598.137656699,4124020.22526857,11,
536,302598.293387044,4124021.32803733,11,
537,302598.432445851,4124022.44178605,11,
538,302598.594065146,4124023.55500417,11,
539,302598.741790974,4124024.55737653,11,
540,302598.867329593,4124025.57615249,11,
541,302598.998135,4124026.5789228,11,
542,302599.123258785,4124027.58006209,11,
543,302599.267625743,4124028.67956883,11,
544,302599.423148488,4124029.77351928,11,
545,302599.567764265,4124030.88360803,11,
546,302599.700353157,4124031.96221606,11,
547,302599.832319846,4124033.01436908,11,
548,302599.923768702,4124034.02335894,11,
549,302600.027202919,4124035.06206586,11,
550,302600.124001518,4124036.0585774,11,
551,302600.244190149,4124037.08983171,11,
552,302600.337132194,4124038.16231361,11,
553,302600.384621468,4124039.22174735,11,
554,302600.431903343,4124040.27236276,11,
555,302600.455712224,4124041.28470806,11,
556,302600.46948525,4124042.3502287,11,
557,302600.489686498,4124043.44912637,11,
558,302600.549327059,4124044.54533185,11,
559,302600.587029355,4124045.66852293,11,
560,302600.638789941,4124046.669623,11,
561,302600.668612271,4124047.69770868,11,
562,302600.678445855,4124048.83567235,11,
563,302600.664018381,4124049.90185623,11,
564,302600.643162708,4124050.93466307,11,
565,302600.650839427,4124051.98091602,11,
566,302600.646738193,4124053.00627025,11,
567,302600.638033842,4124054.07584883,11,
568,302600.634347418,4124055.11883974,11,
569,302600.626431196,4124056.22192801,11,
570,302600.607691045,4124057.34468192,11,
571,302600.594508063,4124058.46377585,11,
572,302600.573362161,4124059.48423703,11,
573,302600.457703354,4124060.56515426,11,
574,302600.080401543,4124061.55869891,11,
575,302599.617751688,4124062.52248729,11,
576,302599.182182507,4124063.43799342,11,
577,302598.714100171,4124064.41073285,11,
578,302598.240460817,4124065.38713229,11,
579,302597.771424683,4124066.31930742,11,
580,302597.404657056,4124067.2808409,11,
581,302597.159774382,4124068.38597318,11,
582,302597.139666031,4124069.4505261,11,
583,302597.085468242,4124070.50529292,11,
584,302597.02019769,4124071.56914337,11,
585,302597.050933202,4124072.63602978,11,
586,302597.081087996,4124073.67822484,11,
587,302597.087935786,4124074.68920448,11,
588,302597.038507104,4124075.70680163,11,
589,302596.994925939,4124076.73308447,11,
590,302596.957275243,4124077.77158034,11,
591,302596.914648168,4124078.83842754,11,
592,302596.906857167,4124079.94680688,11,
593,302596.88832525,4124081.0783792,11,
594,302596.885801045,4124082.17075287,11,
595,302596.900197117,4124083.2627286,11,
596,302596.892406178,4124084.37110794,11,
597,302596.907258553,4124085.48248401,11,
598,302596.920368763,4124086.51978604,11,
599,302596.922821022,4124087.58380839,11,
600,302596.924153323,4124088.6002117,11,
601,302596.914786196,4124089.64157167,11,
602,302596.911225081,4124090.68985366,11,
603,302596.889831174,4124091.69973291,11,
604,302596.862797198,4124092.70974482,11,
605,302596.83597064,4124093.72857507,11,
606,302596.808770781,4124094.7315323,12,도심부 첫 번째 좌회전 정지선
607,302596.771078907,4124095.76826454,12,
608,302596.750970977,4124096.8328175,12,
609,302596.741355082,4124097.86359548,12,
610,302596.754589873,4124098.90618853,12,
611,302596.740702788,4124099.9953002,12,
612,302596.731501739,4124101.04371486,12,
613,302596.715955465,4124102.06227982,12,
614,302596.729397702,4124103.11369121,12,
615,302596.767142417,4124104.23864605,12,
616,302596.793689954,4124105.36739353,12,
617,302596.825255361,4124106.46955335,12,
618,302596.856530406,4124107.55936749,12,
619,302596.916462089,4124108.66791872,12,
620,302596.951676512,4124109.68528983,12,
621,302596.971298101,4124110.75949626,12,
622,302597.001162827,4124111.7893457,12,
623,302597.042183242,4124112.81363883,12,
624,302597.06615902,4124113.83303891,12,
625,302597.045387603,4124114.86937322,12,
626,302596.985301672,4124115.91369076,12,
627,302596.91314751,4124116.92476392,12,
628,302596.823990224,4124117.9327077,12,
629,302596.661014386,4124118.92121194,12,
630,302596.476556843,4124119.95610216,12,
631,302596.236155037,4124121.01171926,12,
632,302595.950508374,4124122.06310659,12,
633,302595.63487781,4124123.03931947,12,
634,302595.239747243,4124123.99446183,12,
635,302594.787013236,4124124.89978437,12,
636,302594.236987973,4124125.74739735,12,
637,302593.618286577,4124126.55427418,12,
638,302592.949861836,4124127.40643666,12,
639,302592.206789078,4124128.20388634,12,
640,302591.46089569,4124128.88140666,12,
641,302590.606182079,4124129.4909008,12,
642,302589.660605471,4124130.07606253,12,
643,302588.697196202,4124130.62282165,12,
644,302587.657562552,4124131.04784868,12,
645,302586.705431991,4124131.3543512,12,
646,302585.717843328,4124131.59286674,12,
647,302584.711716693,4124131.76299733,12,
648,302583.648152454,4124131.89036295,12,
649,302582.60930387,4124131.86891728,12,
650,302581.552829874,4124131.81788736,12,
651,302580.536748898,4124131.80472964,12,
652,302579.492550608,4124131.79576269,12,
653,302578.454324238,4124131.80077255,12,
654,302577.421530492,4124131.79683154,12,
655,302576.42999905,4124131.62780819,12,
656,302575.515601023,4124131.13933471,12,
657,302574.741372588,4124130.37227975,12,
658,302573.927788079,4124129.61144455,12,
659,302573.110928059,4124128.95127116,12,
660,302572.185415369,4124128.47011803,12,
661,302571.190149636,4124128.14236516,12,
662,302570.133757984,4124128.09486399,12,
663,302569.095282171,4124128.08929299,12,
664,302568.067630104,4124128.06405641,12,
665,302567.034794325,4124128.05835299,12,
666,302565.956340228,4124128.03254706,12,
667,302564.861048915,4124128.01066662,12,
668,302563.760739851,4124128.01537402,12,
669,302562.677102026,4124128.00910153,12,
670,302561.621374052,4124127.98982013,12,
671,302560.599320462,4124127.96268813,12,
672,302559.520907766,4124127.93864669,12,
673,302558.443075906,4124127.93929674,12,
674,302557.416626885,4124127.96520785,12,
675,302556.349909169,4124127.95853814,12,
676,302555.283108456,4124127.94834123,12,
677,302554.278016454,4124127.92257562,12,
678,302553.21681429,4124127.91048263,12,
679,302552.211888222,4124127.89177194,12,
680,302551.195391591,4124127.86098107,12,
681,302550.18561376,4124127.875913,12,
682,302549.096294242,4124127.86801128,13,도심부 두 번째 좌회전 정지선
683,302548.012697751,4124127.86350435,13,
684,302547.002090075,4124127.8431633,13,
685,302545.895642889,4124127.82684171,13,
686,302544.794628292,4124127.80156923,13,
687,302543.750097243,4124127.77849737,13,
688,302542.699926119,4124127.75555831,13,
689,302541.63262735,4124127.72419912,13,
690,302540.627327711,4124127.6896168,13,
691,302539.616014561,4124127.63929428,13,
692,302538.599061331,4124127.58910457,13,
693,302537.598779298,4124127.52793491,13,
694,302536.612554373,4124127.34467417,13,
695,302535.63590827,4124127.08883777,13,
696,302534.67796341,4124126.66844955,13,
697,302533.769368191,4124126.18690248,13,
698,302532.897556148,4124125.5897882,13,
699,302532.169522448,4124124.86753081,13,
700,302531.518208773,4124124.04817766,13,
701,302531.067945449,4124123.13939141,13,
702,302530.778878653,4124122.1262279,13,
703,302530.511168702,4124121.06138724,13,
704,302530.363601321,4124120.06607035,13,
705,302530.30332882,4124118.94340988,13,
706,302530.330022495,4124117.91928805,13,
707,302530.350038754,4124116.85120721,13,
708,302530.37071894,4124115.81134506,13,
709,302530.395088971,4124114.68845782,13,
710,302530.432730888,4124113.64996126,13,
711,302530.452705726,4124112.58011676,13,
712,302530.479109046,4124111.54364926,13,
713,302530.527699207,4124110.49077796,13,
714,302530.566212597,4124109.48931844,13,
715,302530.620567364,4124108.44160546,13,
716,302530.668244722,4124107.34993347,13,
717,302530.676068147,4124106.24331735,13,
718,302530.657475469,4124105.21320243,13,
719,302530.621838097,4124104.1781946,13,
720,302530.580228696,4124103.12921013,13,
721,302530.56088914,4124102.06734919,13,
722,302530.529854492,4124100.98811696,13,
723,302530.514287778,4124099.84675827,13,
724,302530.507597712,4124098.84283299,13,
725,302530.514342368,4124097.69036151,13,
726,302530.52888482,4124096.62946807,13,
727,302530.564369334,4124095.4992608,13,
728,302530.59255402,4124094.2986395,13,
729,302530.608507331,4124093.29771078,13,
730,302530.61873759,4124092.29338743,13,
731,302530.634649435,4124091.29069505,13,
732,302530.633558055,4124090.28487343,13,
733,302530.626743618,4124089.27565716,13,
734,302530.625649133,4124088.02984398,13,
735,302530.658519666,4124086.78852563,13,
736,302530.680317515,4124085.55629101,13,
737,302530.702322866,4124084.33287474,13,
738,302530.701560407,4124083.10117091,13,
739,302530.706150704,4124082.09698027,13,
740,302530.699419344,4124081.09129135,13,
741,302530.69824509,4124080.08194241,13,
742,302530.697236823,4124079.07964813,13,
743,302530.713270231,4124077.84225522,13,
744,302530.735607649,4124076.63294831,13,
745,302530.775363305,4124075.44440733,13,
746,302530.76493905,4124074.28175196,13,
747,302530.737719002,4124073.12478569,13,
748,302530.721903634,4124071.97284503,13,
749,302530.717617437,4124070.83122098,13,
750,302530.730749467,4124069.71036288,13,
751,302530.772496949,4124068.60647798,13,
752,302530.797739096,4124067.52062785,13,
753,302530.839569608,4124066.42027029,13,
754,302530.88704024,4124065.31978005,13,
755,302530.917632095,4124064.22145155,13,
756,302530.931428145,4124063.12881215,13,
757,302530.933944003,4124062.03643813,13,
758,302530.913982446,4124060.94812224,13,
759,302530.916996252,4124059.87691225,13,
760,302530.937054869,4124058.81059517,13,
761,302530.962463148,4124057.73179973,13,
762,302530.998944195,4124056.64392057,13,
763,302531.046705479,4124055.55577602,13,
764,302531.105788494,4124054.46912975,13,
765,302531.160476237,4124053.43552621,13,
766,302531.208030127,4124052.33856333,13,
767,302531.26085071,4124051.22559474,13,
768,302531.285304786,4124050.10623495,13,
769,302531.312497464,4124049.10327726,13,
770,302531.330896532,4124047.96641348,13,
771,302531.328062965,4124046.88651787,13,
772,302531.332321791,4124045.86821794,13,
773,302531.341805807,4124044.83214864,13,
774,302531.368708107,4124043.81684528,13,
775,302531.417175044,4124042.75868311,13,
776,302531.454320282,4124041.69902266,13,
777,302531.473549342,4124040.59743226,13,
778,302531.477351833,4124039.559732,13,
779,302531.4909823,4124038.46003797,13,
780,302531.472597777,4124037.43874149,13,
781,302531.459521434,4124036.40320298,13,
782,302531.439726153,4124035.32194179,13,
783,302531.436394819,4124034.22088218,13,
784,302531.45574846,4124033.1245828,13,
785,302531.479787902,4124031.98758637,13,
786,302531.484046913,4124030.96928646,13,
787,302531.482375358,4124029.93877358,13,
788,302531.4743998,4124028.8801747,13,
789,302531.488611318,4124027.80517204,13,
790,302531.498634981,4124026.79203045,13,
791,302531.52566203,4124025.78201812,13,
792,302531.530336048,4124024.78135491,13,
793,302531.544506133,4124023.70458859,13,
794,302531.554571345,4124022.69321067,13,
795,302531.55348079,4124021.68738915,13,
796,302531.573042092,4124020.59990813,13,
797,302531.581530607,4124019.52151084,13,
798,302531.646130009,4124018.42944095,13,
799,302531.792056398,4124017.43604243,13,
800,302531.976633912,4124016.40644172,13,
801,302532.268166559,4124015.36550151,13,
802,302532.589476697,4124014.39091724,13,
803,302532.977970626,4124013.39357667,13,
804,302533.424442733,4124012.46192859,13,
805,302533.905876065,4124011.57710342,13,
806,302534.506416262,4124010.71771047,13,
807,302535.142166657,4124009.91572246,13,
808,302535.829134832,4124009.13194065,13,
809,302536.540364861,4124008.41993853,13,
810,302537.375097189,4124007.68032597,13,
811,302538.22301855,4124007.02157685,13,
812,302539.090183982,4124006.46119516,13,
813,302539.951875344,4124005.90800093,13,
814,302540.860015655,4124005.41018267,13,
815,302541.831981716,4124004.98674269,13,
816,302542.833932671,4124004.63847712,13,
817,302543.887557761,4124004.32781821,13,
818,302544.880759477,4124004.087402,13,
819,302545.93152437,4124003.89504178,13,
820,302546.989837971,4124003.78367774,13,
821,302548.099618182,4124003.70110205,13,
822,302549.125792024,4124003.66284475,13,
823,302550.157523029,4124003.62092756,13,
824,302551.2006173,4124003.58227248,13,
825,302552.260383061,4124003.53263748,13,
826,302553.308951521,4124003.4867953,13,
827,302554.35789338,4124003.45682627,13,
828,302555.38423318,4124003.42562441,13,
829,302556.404559451,4124003.37868234,13,
830,302557.426130348,4124003.38465043,13,
831,302558.560587043,4124003.39149249,13,
832,302559.655479754,4124003.39573608,13,
833,302560.677299545,4124003.41228657,13,
834,302561.698994857,4124003.42354618,13,
835,302562.794094976,4124003.43660852,13,
836,302563.821388925,4124003.44597205,13,
837,302564.870870052,4124003.43893202,13,
838,302565.874898163,4124003.41884413,13,
839,302566.964275124,4124003.42851235,13,
840,302568.064849386,4124003.43438803,13,
841,302569.080738552,4124003.43872654,13,
842,302570.192344167,4124003.43375517,13,
843,302571.202842079,4124003.4488086,13,
844,302572.314613612,4124003.45089218,13,
845,302573.381098071,4124003.44698255,13,
846,302574.402378432,4124003.44060703,13,
847,302575.423368396,4124003.42188595,13,
848,302576.450413331,4124003.42066902,13,
849,302577.494544616,4124003.4261089,13,
850,302578.578239843,4124003.43414762,13,
851,302579.621831829,4124003.41666008,13,
852,302580.68122421,4124003.35115567,13,
853,302581.720833893,4124003.16435629,13,
854,302582.76890312,4124002.85736232,13,
855,302583.741700924,4124002.46920064,13,
856,302584.705374214,4124001.93302365,13,
857,302585.537872504,4124001.33816949,13,
858,302586.194114811,4124000.44747158,13,
859,302586.883949229,4123999.54539579,13,
860,302587.427928207,4123998.68027877,13,
861,302587.885065165,4123997.72191355,13,
862,302588.233089874,4123996.68317642,13,
863,302588.467648072,4123995.6188737,13,
864,302588.622290233,4123994.51586378,13,
865,302588.743547851,4123993.43305014,13,
866,302588.836646253,4123992.35266345,13,
867,302588.907391498,4123991.28162571,13,
868,302588.944793646,4123990.2325479,13,
869,302588.976721588,4123989.19065742,13,
870,302588.996912957,4123988.12963191,13,
871,302589.006072929,4123987.07945372,13,
872,302588.998727258,4123986.04731016,13,
873,302589.00083676,4123984.93729991,13,
874,302588.943227498,4123983.92751425,13,
875,302588.862476882,4123982.89356786,13,
876,302588.782306992,4123981.88431281,13,
877,302588.711426331,4123980.79013641,13,
878,302588.625450341,4123979.77395935,13,
879,302588.533751224,4123978.75438761,13,
880,302588.385360155,4123977.72379673,13,
881,302588.236803137,4123976.68615119,13,
882,302588.094674381,4123975.68188268,13,
883,302587.945038819,4123974.59838178,13,
884,302587.795610626,4123973.52369922,13,
885,302587.630133026,4123972.48645165,13,
886,302587.423473544,4123971.37782228,13,
887,302587.233278225,4123970.24939462,13,
888,302586.947863777,4123969.15144076,13,
889,302586.653491865,4123968.15251761,13,
890,302586.318145429,4123967.09103102,13,
891,302585.958661972,4123965.96305569,13,
892,302585.626342247,4123964.7903254,13,
893,302585.293980958,4123963.61583146,13,
894,302584.950629626,4123962.45394851,13,
895,302584.613291708,4123961.30780593,13,
896,302584.293123109,4123960.1718474,13,
897,302583.973078876,4123959.04117988,13,
898,302583.647311441,4123957.9071177,13,
899,302583.288159185,4123956.7932518,13,
900,302582.929297227,4123955.6917316,13,
901,302582.514448259,4123954.60917465,13,
902,302582.104866038,4123953.51061205,13,
903,302581.679358753,4123952.45477547,13,
904,302581.265256167,4123951.4039646,13,
905,302580.857125522,4123950.36713042,13,
906,302580.46077292,4123949.35119496,13,
907,302580.103859995,4123948.33256724,13,
908,302579.763618637,4123947.30295955,13,
909,302579.417197766,4123946.25055685,13,
910,302579.025779818,4123945.20450644,13,
911,302578.634901056,4123944.18138372,13,
912,302578.210471493,4123943.17140265,13,
913,302577.775300747,4123942.1846146,13,
914,302577.345977501,4123941.20651224,13,
915,302576.905083418,4123940.21632955,13,
916,302576.44731017,4123939.22830854,13,
917,302575.978173485,4123938.23702552,13,
918,302575.525998741,4123937.24710822,13,
919,302575.091657079,4123936.29559364,13,
920,302574.680581286,4123935.37353079,13,
921,302574.257478338,4123934.41998726,13,
922,302573.851959593,4123933.49426444,13,
923,302573.416539024,4123932.49689458,13,
924,302572.929029186,4123931.44428134,13,
925,302572.386320356,4123930.44414112,13,
926,302571.86123719,4123929.47358529,13,
927,302571.336070946,4123928.49950215,13,
928,302570.852709015,4123927.62325578,13,
929,302570.355204227,4123926.6255817,13,
930,302569.891623461,4123925.63063899,13,
931,302569.439322981,4123924.63543097,13,
932,302568.980137692,4123923.58744561,13,
933,302568.552098637,4123922.66401735,13,
934,302568.101042387,4123921.72171942,13,
935,302567.643972489,4123920.76368118,13,
936,302567.152397561,4123919.77822027,13,
937,302566.631874821,4123918.7616767,13,
938,302566.105048014,4123917.71704715,13,
939,302565.638398171,4123916.83158471,13,
940,302565.153832009,4123915.90419227,13,
941,302564.669473164,4123914.98561819,13,
942,302564.173128583,4123914.03732713,13,
943,302563.671351115,4123913.09798709,13,
944,302563.163933339,4123912.15877976,13,
945,302562.656432494,4123911.21604511,13,
946,302562.18824702,4123910.26532714,13,
947,302561.714628677,4123909.3235602,13,
948,302561.240595376,4123908.3641566,13,
949,302560.749226509,4123907.38751436,13,
950,302560.269428346,4123906.42295248,13,
951,302559.762051328,4123905.485509,13,
952,302559.20187953,4123904.46283986,13,
953,302558.71751947,4123903.54426609,13,
954,302558.23908992,4123902.63790535,13,
955,302557.755227491,4123901.74049564,13,
956,302557.264438691,4123900.78854493,13,
957,302556.763779891,4123899.89682429,13,
958,302556.250305578,4123898.94011332,13,
959,302555.754332603,4123898.00769571,13,
960,302555.258525469,4123897.08233279,13,
961,302554.735969194,4123896.21936163,13,
962,302554.218970057,4123895.3527305,14,곡선 구간 후 직진 정지선
963,302553.67816536,4123894.43372006,14,
964,302553.152995107,4123893.45963793,14,
965,302552.639893422,4123892.51880017,14,
966,302552.120114241,4123891.53400342,14,
967,302551.675607666,4123890.63037429,14,
968,302551.253578898,4123889.72268714,14,
969,302550.859004366,4123888.78259061,14,
970,302550.469904029,4123887.83530675,14,
971,302550.068361522,4123886.83890557,14,
972,302549.671795356,4123885.81415304,14,
973,302549.268925081,4123884.76131453,14,
974,302548.854068979,4123883.67875904,14,
975,302548.422375087,4123882.60012893,14,
976,302547.990888538,4123881.53031719,14,
977,302547.553803151,4123880.4624018,14,
978,302547.128578941,4123879.41891243,14,
979,302546.697465486,4123878.36497375,14,
980,302546.272365548,4123877.32677542,14,
981,302545.841915706,4123876.30105546,14,
982,302545.417479395,4123875.29107585,14,
983,302544.959035666,4123874.27483766,14,
984,302544.478113889,4123873.26265756,14,
985,302543.941370548,4123872.27649563,14,
986,302543.438095074,4123871.27366464,14,
987,302542.934985447,4123870.27788834,14,
988,302542.415328408,4123869.29838312,14,
989,302541.901435956,4123868.32403626,14,
990,302541.370664182,4123867.35185113,14,
991,302540.833961637,4123866.36745305,14,
992,302540.325501633,4123865.38415525,14,
993,302539.800079331,4123864.39949186,14,
994,302539.263210476,4123863.40803919,14,
995,302538.743718598,4123862.43558885,14,
996,302538.207471861,4123861.47059126,14,
997,302537.682463985,4123860.50356466,14,
998,302537.181759527,4123859.61008139,14,
999,302536.669898955,4123858.72215452,14,
1000,302536.16380299,4123857.83938599,14,
1001,302535.5690397,4123857.02575984,14,
1002,302535.028687184,4123856.12615081,14,
1003,302534.522839856,4123855.25396438,14,
1004,302534.005297035,4123854.36440667,14,
1005,302533.498495221,4123853.45165595,15,밭전 사거리 직진 정지선
1006,302533.014793659,4123852.56130217,15,
1007,302532.525036847,4123851.65344444,15,
1008,302532.017529389,4123850.71071144,15,
1009,302531.527067036,4123849.7728714,15,
1010,302531.01433403,4123848.84790782,15,
1011,302530.483518432,4123847.87395965,15,
1012,302529.988203842,4123846.96976207,15,
1013,302529.469207903,4123846.01847625,15,
1014,302528.991353245,4123845.13680833,15,
1015,302528.501512643,4123844.22542346,15,
1016,302527.988530059,4123843.28987804,15,
1017,302527.433368663,4123842.2406231,15,
1018,302526.920551825,4123841.3121324,15,
1019,302526.383306744,4123840.30480746,15,
1020,302525.816988947,4123839.261109,15,
1021,302525.221183502,4123838.16340033,15,
1022,302524.725577409,4123837.24685735,15,
1023,302524.212303586,4123836.29896647,15,
1024,302523.664441268,4123835.32012575,15,
1025,302523.104758918,4123834.31862277,15,
1026,302522.527408802,4123833.28577189,15,
1027,302521.932224947,4123832.21451845,15,
1028,302521.325387006,4123831.12765742,15,
1029,302520.69507503,4123830.00252653,15,
1030,302520.05908115,4123828.87576471,15,
1031,302519.410852249,4123827.70870397,15,
1032,302518.769134792,4123826.57854759,15,
1033,302518.121278995,4123825.42735995,15,
1034,302517.479104789,4123824.27780332,15,
1035,302516.8713944,4123823.15390556,15,
1036,302516.286991804,4123822.06122307,15,
1037,302515.721584543,4123821.05632589,15,
1038,302515.179153159,4123820.06853464,15,
1039,302514.678319708,4123819.16976156,15,
1040,302514.077452222,4123818.09687765,15,
1041,302513.529255722,4123817.10392818,15,
1042,302513.028297464,4123816.19986419,15,
1043,302512.456917243,4123815.18099057,15,
1044,302511.939452897,4123814.29496142,15,
1045,302511.391961341,4123813.33199443,15,
1046,302510.821203174,4123812.33957592,15,
1047,302510.197856658,4123811.27075039,15,
1048,302509.691630917,4123810.38269229,15,
1049,302509.145093263,4123809.46028978,15,
1050,302508.6264249,4123808.52311445,15,
1051,302508.142676949,4123807.63099829,15,
1052,302507.570133762,4123806.56274228,15,
1053,302507.075520002,4123805.68852826,15,
1054,302506.480000506,4123804.60316645,15,
1055,302505.96220299,4123803.70302828,15,
1056,302505.443782938,4123802.77643514,15,
1057,302504.901764271,4123801.80628114,15,
1058,302504.360201941,4123800.85552753,15,
1059,302503.805574609,4123799.82920165,15,
1060,302503.256379955,4123798.79392476,15,
1061,302502.689558897,4123797.72906368,15,
1062,302502.111125166,4123796.6503587,15,
1063,302501.526594562,4123795.55238612,15,
1064,302500.971759096,4123794.51724207,15,
1065,302500.446577304,4123793.54316288,15,
1066,302499.945201443,4123792.62146292,15,
1067,302499.366891544,4123791.54804911,15,
1068,302498.84112845,4123790.54927866,15,
1069,302498.368119676,4123789.63396991,15,
1070,302497.813698452,4123788.61646272,15,
1071,302497.335422657,4123787.71715973,15,
1072,302496.839852424,4123786.80238189,15,
1073,302496.225628527,4123785.88157266,15,
1074,302495.702811074,4123785.00802278,15,
1075,302495.21259033,4123784.08076664,15,
1076,302494.65402203,4123783.12688439,15,
1077,302494.113038451,4123782.20082271,15,
1078,302493.612740241,4123781.32497843,15,
1079,302493.100746368,4123780.43176294,15,
1080,302492.547153941,4123779.44952941,15,
1081,302491.999409178,4123778.47598154,15,
1082,302491.487124493,4123777.57042046,15,
1083,302490.897947004,4123776.51490928,15,
1084,302490.390596925,4123775.57923319,15,
1085,302489.900582609,4123774.66079567,15,
1086,302489.340187217,4123773.62931236,15,
1087,302488.816040407,4123772.6993255,15,
1088,302488.326855751,4123771.81616141,15,
1089,302487.801339266,4123770.82797359,15,
1090,302487.294569529,4123769.91698902,15,
1091,302486.763910509,4123768.95009798,15,
1092,302486.233790864,4123768.00613464,15,
1093,302485.721421999,4123767.09704654,15,
1094,302485.15580034,4123766.08333287,15,
1095,302484.649154559,4123765.17763944,15,
1096,302484.142633176,4123764.27723705,15,
1097,302483.607827167,4123763.37397094,15,
1098,302483.107319376,4123762.48930889,15,
1099,302482.6119123,4123761.58158646,15,
1100,302482.12745373,4123760.65948929,15,
1101,302481.649465374,4123759.77253277,15,
1102,302481.131081765,4123758.84770463,15,
1103,302480.647203899,4123757.95029888,15,
1104,302480.134833897,4123757.04121109,15,
1105,302479.622256283,4123756.12330498,15,
1106,302479.121042186,4123755.20866079,15,
1107,302478.626132307,4123754.32210259,15,
1108,302478.107540565,4123753.38845628,15,
1109,302477.629177917,4123752.48562696,15,
1110,302477.133188719,4123751.55321348,15,
1111,302476.660922701,4123750.66965183,15,
1112,302476.170947128,4123749.75297869,15,
1113,302475.669856827,4123748.84362569,15,
1114,302475.186268385,4123747.95856589,15,
1115,302474.650381464,4123747.00944493,15,
1116,302474.143484534,4123746.09317007,15,
1117,302473.64807564,4123745.18544812,15,
1118,302473.135579688,4123744.2710697,15,
1119,302472.610682448,4123743.30933774,15,
1120,302472.097190244,4123742.35263136,15,
1121,302471.607836276,4123741.46241346,15,
1122,302471.112094861,4123740.54058231,15,
1123,302470.552027189,4123739.52320945,15,
1124,302469.992374419,4123738.52347331,15,
1125,302469.456320367,4123737.56729798,15,
1126,302468.90823851,4123736.57964211,15,
1127,302468.348336355,4123735.56932406,15,
1128,302467.82990847,4123734.64273299,15,
1129,302467.311355973,4123733.71085094,15,
1130,302466.740919856,4123732.73254445,15,
1131,302466.164137741,4123731.72438838,15,
1132,302465.600628288,4123730.80062293,15,
1133,302465.066274933,4123729.91675822,15,
1134,302464.4849727,4123728.95635401,15,
1135,302463.919595253,4123727.95322362,15,
1136,302463.394654566,4123726.9897285,15,
1137,302462.794936846,4123725.96623055,15,
1138,302462.259918862,4123725.05414732,15,
1139,302461.708104289,4123724.14775332,15,
1140,302461.149736184,4123723.20269139,15,
1141,302460.631555858,4123722.28668272,15,
1142,302460.130254922,4123721.36851221,15,
1143,302459.651971771,4123720.46921114,15,
1144,302459.097707893,4123719.45876091,15,
1145,302458.614157738,4123718.57546563,15,
1146,302458.071921384,4123717.596496,15,
1147,302457.553947941,4123716.68930584,15,
1148,302457.030126533,4123715.7734301,15,
1149,302456.518664816,4123714.90314427,15,
1150,302455.995797805,4123714.02783295,15,
1151,302455.431539095,4123713.07232209,15,
1152,302454.87258856,4123712.1025692,15,
1153,302454.365604622,4123711.18276806,15,
1154,302453.881721509,4123710.28536369,15,
1155,302453.392114951,4123709.38456474,15,
1156,302452.849794456,4123708.40206808,15,
1157,302452.34791087,4123707.45920664,15,
1158,302451.817576429,4123706.50642691,15,
1159,302451.269947289,4123705.53817242,15,
1160,302450.768270906,4123704.60412941,15,
1161,302450.232046746,4123703.6409005,15,
1162,302449.73704815,4123702.75081649,15,
1163,302449.213557167,4123701.84905052,15,
1164,302448.666467042,4123700.90372386,15,
1165,302448.103617931,4123700.00817815,16,경로종료
1166,302447.547737257,4123699.16893708,16,
1167,302446.928110863,4123698.25884583,16,
1168,302446.343903698,4123697.41497755,16,
1169,302445.731743705,4123696.58235501,16,
1170,302445.114026258,4123695.75339259,16,
1171,302444.450438751,4123694.89374614,16,
1172,302443.810450202,4123694.07766045,16,
1173,302443.112397714,4123693.19235554,16,
1174,302442.410489544,4123692.38302113,16,
1175,302441.68647641,4123691.59361809,16,
1176,302440.991287529,4123690.8300064,16,
1177,302440.262214881,4123690.06542757,16,
1178,302439.499216955,4123689.29811793,16,
1179,302438.719380837,4123688.53473394,16,
1180,302437.923080103,4123687.79114859,16,
1181,302437.121346412,4123687.05651441,16,
1182,302436.316338212,4123686.42254208,16,추가적인 LD를 위한 나머지 포인트
